{"cameraMode":{"drawMode":0,"name":"Shaded","section":"Shading Mode"},"sceneLighting":true,"audioPlay":false,"sceneViewState":{"m_AlwaysRefresh":false,"showFog":true,"showSkybox":true,"showFlares":true,"showImageEffects":true,"showParticleSystems":true,"showVisualEffectGraphs":true,"m_FxEnabled":true},"in2DMode":false,"pivot":{"x":-1.6309740543365479,"y":1.8598694801330567,"z":1.2062970399856568},"rotation":{"x":0.10061605274677277,"y":0.0208872240036726,"z":-0.002111488487571478,"w":0.9946997761726379},"size":0.9679712653160095,"orthographic":false}