{"cameraMode":{"drawMode":0,"name":"Shaded","section":"Shading Mode"},"sceneLighting":false,"audioPlay":false,"sceneViewState":{"m_AlwaysRefresh":false,"showFog":true,"showSkybox":false,"showFlares":true,"showImageEffects":true,"showParticleSystems":true,"showVisualEffectGraphs":true,"m_FxEnabled":true},"in2DMode":false,"pivot":{"x":0.42893531918525698,"y":2.134859800338745,"z":0.8000760078430176},"rotation":{"x":0.17932972311973573,"y":0.005898287519812584,"z":-0.0010738924611359835,"w":0.983765721321106},"size":9.32846450805664,"orthographic":false}